{
  "timestamp": "2026-02-13T18:39:32.838119",
  "coins": 526,
  "configs_tested": 5,
  "top_results": [
    {
      "config": {
        "name": "FS5% TM10 RSI45",
        "cfg": {
          "rsi_max": 40,
          "vol_spike": true,
          "vol_spike_mult": 2.0,
          "vol_confirm": true,
          "vol_confirm_mult": 1.0,
          "time_max": true,
          "time_max_bars": 10,
          "fixed_stop_pct": 5.0,
          "rsi_recovery": true,
          "rsi_rec_target": 45,
          "rsi_rec_min_bars": 2
        },
        "pos_size": 2000
      },
      "backtest": {
        "label": "FS5% TM10 RSI45",
        "trades": 46,
        "wr": 54.347826086956516,
        "pnl": 3362.8041329446046,
        "pf": 2.2949902051617443,
        "dd": 49.89933078213271,
        "avg_w": 238.38334888475453,
        "avg_l": -123.65617091305995,
        "pnl_no_top": 29.806949846013595,
        "ev_no_top": 0.6623766632447465,
        "wr_no_top": 53.333333333333336,
        "herf": 1.0688677053123028,
        "top_trade": {
          "pair": "ZEUS/USD",
          "entry": 0.0071,
          "exit": 0.019,
          "pnl": 3332.997183098591,
          "reason": "RSI RECOVERY",
          "bars": 6,
          "entry_bar": 667,
          "exit_bar": 673
        },
        "reasons": {
          "FIXED STOP": {
            "n": 13,
            "pnl": -2282.674730955523,
            "wins": 0
          },
          "DC TARGET": {
            "n": 10,
            "pnl": 1007.2319038154221,
            "wins": 10
          },
          "TIME MAX": {
            "n": 14,
            "pnl": 130.5904731006566,
            "wins": 6
          },
          "RSI RECOVERY": {
            "n": 8,
            "pnl": 4468.100355723255,
            "wins": 8
          },
          "END": {
            "n": 1,
            "pnl": 39.55613126079439,
            "wins": 1
          }
        },
        "fixed_stops": 13,
        "fixed_stop_pnl": -2282.674730955523
      },
      "walk_forward": {
        "folds": [
          {
            "fold": 1,
            "train_pnl": -326.6228616292474,
            "train_trades": 13,
            "test_pnl": -227.68571019598812,
            "test_trades": 5,
            "test_ev_no_top": -119.4528718419002,
            "test_wr": 40.0
          },
          {
            "fold": 2,
            "train_pnl": -261.24617344544083,
            "train_trades": 8,
            "test_pnl": -591.8361541720647,
            "test_trades": 5,
            "test_ev_no_top": -183.63269260945376,
            "test_wr": 60.0
          },
          {
            "fold": 3,
            "train_pnl": -245.02900354666141,
            "train_trades": 12,
            "test_pnl": 3994.1217769510213,
            "test_trades": 5,
            "test_ev_no_top": 165.28114846310757,
            "test_wr": 80.0
          }
        ],
        "profitable_folds": 1,
        "total_folds": 3,
        "avg_test_pnl": 1058.1999708609894,
        "verdict": "ZWAK"
      },
      "final_score": 46.515997125062185
    },
    {
      "config": {
        "name": "FS8% TM10 RSI45",
        "cfg": {
          "rsi_max": 40,
          "vol_spike": true,
          "vol_spike_mult": 2.0,
          "vol_confirm": true,
          "vol_confirm_mult": 1.0,
          "time_max": true,
          "time_max_bars": 10,
          "fixed_stop_pct": 8.0,
          "rsi_recovery": true,
          "rsi_rec_target": 45,
          "rsi_rec_min_bars": 2
        },
        "pos_size": 2000
      },
      "backtest": {
        "label": "FS8% TM10 RSI45",
        "trades": 43,
        "wr": 51.162790697674424,
        "pnl": 3371.753512722445,
        "pf": 2.38400420047633,
        "dd": 57.03704067433332,
        "avg_w": 263.99928208752453,
        "avg_l": -116.01098539062356,
        "pnl_no_top": 38.75632962385407,
        "ev_no_top": 0.9227697529489065,
        "wr_no_top": 50.0,
        "herf": 1.0587040478721885,
        "top_trade": {
          "pair": "ZEUS/USD",
          "entry": 0.0071,
          "exit": 0.019,
          "pnl": 3332.997183098591,
          "reason": "RSI RECOVERY",
          "bars": 6,
          "entry_bar": 667,
          "exit_bar": 673
        },
        "reasons": {
          "FIXED STOP": {
            "n": 7,
            "pnl": -1554.1329645089277,
            "wins": 0
          },
          "DC TARGET": {
            "n": 10,
            "pnl": 1007.2319038154221,
            "wins": 10
          },
          "TIME MAX": {
            "n": 18,
            "pnl": -484.14680245698673,
            "wins": 4
          },
          "RSI RECOVERY": {
            "n": 7,
            "pnl": 4363.245244612143,
            "wins": 7
          },
          "END": {
            "n": 1,
            "pnl": 39.55613126079439,
            "wins": 1
          }
        },
        "fixed_stops": 7,
        "fixed_stop_pnl": -1554.1329645089277
      },
      "walk_forward": {
        "folds": [
          {
            "fold": 1,
            "train_pnl": -554.4107735168138,
            "train_trades": 11,
            "test_pnl": -227.68571019598812,
            "test_trades": 5,
            "test_ev_no_top": -119.4528718419002,
            "test_wr": 40.0
          },
          {
            "fold": 2,
            "train_pnl": -358.64432977386446,
            "train_trades": 8,
            "test_pnl": -591.8361541720647,
            "test_trades": 5,
            "test_ev_no_top": -183.63269260945376,
            "test_wr": 60.0
          },
          {
            "fold": 3,
            "train_pnl": 208.58488805573654,
            "train_trades": 10,
            "test_pnl": 3994.1217769510213,
            "test_trades": 5,
            "test_ev_no_top": 165.28114846310757,
            "test_wr": 80.0
          }
        ],
        "profitable_folds": 1,
        "total_folds": 3,
        "avg_test_pnl": 1058.1999708609894,
        "verdict": "ZWAK"
      },
      "final_score": 44.084131911281744
    },
    {
      "config": {
        "name": "FS10% TM10 RSI45",
        "cfg": {
          "rsi_max": 40,
          "vol_spike": true,
          "vol_spike_mult": 2.0,
          "vol_confirm": true,
          "vol_confirm_mult": 1.0,
          "time_max": true,
          "time_max_bars": 10,
          "fixed_stop_pct": 10.0,
          "rsi_recovery": true,
          "rsi_rec_target": 45,
          "rsi_rec_min_bars": 2
        },
        "pos_size": 2000
      },
      "backtest": {
        "label": "FS10% TM10 RSI45",
        "trades": 41,
        "wr": 51.21951219512195,
        "pnl": 3276.3113681743357,
        "pf": 2.2971221915851863,
        "dd": 61.80914790173879,
        "avg_w": 276.2924910015651,
        "avg_l": -126.29154714292659,
        "pnl_no_top": -56.68581492425528,
        "ev_no_top": -1.4171453731063821,
        "wr_no_top": 50.0,
        "herf": 1.1251115432384788,
        "top_trade": {
          "pair": "ZEUS/USD",
          "entry": 0.0071,
          "exit": 0.019,
          "pnl": 3332.997183098591,
          "reason": "RSI RECOVERY",
          "bars": 6,
          "entry_bar": 667,
          "exit_bar": 673
        },
        "reasons": {
          "FIXED STOP": {
            "n": 7,
            "pnl": -1654.1332141643647,
            "wins": 0
          },
          "TIME MAX": {
            "n": 17,
            "pnl": -473.74680245698676,
            "wins": 4
          },
          "DC TARGET": {
            "n": 9,
            "pnl": 1001.3900089227498,
            "wins": 9
          },
          "RSI RECOVERY": {
            "n": 7,
            "pnl": 4363.245244612143,
            "wins": 7
          },
          "END": {
            "n": 1,
            "pnl": 39.55613126079439,
            "wins": 1
          }
        },
        "fixed_stops": 7,
        "fixed_stop_pnl": -1654.1332141643647
      },
      "walk_forward": {
        "folds": [
          {
            "fold": 1,
            "train_pnl": -597.1782134526784,